# Curated semantic labels for cataloged PROT.DAT TIMs, keyed by content
# fingerprint (FNV-1a-64, as recorded by tim_catalog / tim_deep_catalog).
#
# label vocabulary (see legaia_asset::tim_labels::VALID_LABELS):
#   coarse visual categories: environment, terrain, foliage, character,
#                             ui-text, effect, other
#   precise reverse-engineered pins: menu glyph atlas, main-title sprite sheet,
#                             publisher logo, load-screen UI sheet,
#                             load-screen portrait, load-screen empty-slot frame
#
# A label propagates to every catalog id sharing the fingerprint (duplicate or
# aliased textures), across both the raw and the deep tier. These are our own
# annotations - observations of decoded thumbnails + RE loader-site pins - not
# Sony asset strings or pixel data. The `note` column is human context only.
fnv1a	label	note
# --- Byte-exact reverse-engineered pins -------------------------------------
4bf1abb728543d02	menu glyph atlas	in-game menu small-caps font (pre-init_data gap)
a28561c084c1a351	main-title sprite sheet	orb + wordmark + copyright bands (PROT 888/889/890)
78f561f4b6af5a88	load-screen UI sheet	load/save panel 9-slice chrome + glyphs
74988d0ffc9cc738	load-screen portrait	Vahn
a041fe6c325bb661	load-screen portrait	Noa
f5a60157e780f321	load-screen portrait	Gala
5c73329387c91106	load-screen empty-slot frame	unoccupied load-slot frame
4819b00d5495ff72	publisher logo	PROKION
1b25c4da6917f662	publisher logo	Contrail
cafbc8b8029bf3e0	publisher logo	SCEA
7008bc6000d3fd70	publisher logo	WARNING
# --- Coarse visual categories (assigned by thumbnail review) -------------
0006ebf5991c7163	environment	
001d3b387319495f	terrain	
0026ded120fd3d43	ui-text	
002b5d3df7603c1c	effect	
00354106d24d651d	effect	
005daee3b7844f08	environment	
00b7506b1ed3d48f	character	
00dd9463feba74fb	effect	
010894f8390b429b	character	
01622987cbb561a3	terrain	
0185401b9dc4b761	environment	
0199fc0216413a81	terrain	
01c2bc755af0565a	environment	
01cda37a5fed1266	terrain	
01d448b5014acdb6	effect	
0223ae94a901764c	character	
022493b4323830f0	character	
023383b17e98e637	terrain	
027587a75d1bf82b	environment	
027dc9e48903c71e	effect	
02a845a0fda996b8	environment	
02baed955ba7a14c	environment	
02bc0df2ae84ccda	terrain	
02c397d6d0d35044	environment	
02e718e8aca2c4a7	character	
02feba88a1544cb8	character	
0325789afaefc1f0	character	
034170f21a58f983	terrain	
037cd67f2ab1b62e	environment	
038b929a070a5181	foliage	
03b6552520a05921	foliage	
03ecd0d2e99c1e47	foliage	
0416768e46d93d79	effect	
041943fbc7d8cfaf	foliage	
045a3f1416c4e463	ui-text	
0461b252728cb157	environment	
04788d76ae3713cd	environment	
0479b0b45d5376cc	effect	
048df40fd239be5d	environment	
048e2bca37736989	environment	
048ebd8431abdda7	character	
051d9be91a0cfe5b	terrain	
0557c1c8e9eb1fa1	environment	
056c425e17e0fc73	terrain	
058ad7dc7f1898d3	ui-text	
05a234d94064cffd	environment	
05a2d3bcccd697f2	character	
05c2c9e72b7b1920	effect	
05d700c23f01b6eb	foliage	
05d7719838f76c9b	effect	
05e5e7df77e451dd	character	
0611e158a12aea75	effect	
0642f1982f95c3fa	ui-text	
064c03169b6a88ff	environment	
0690c7598d0d6488	effect	
06970c8a0f99ee36	terrain	
06ab4afd95d2e871	foliage	
07316acfb00ef47d	environment	
0750a8a8edcae44a	effect	
07548a3503eeadec	ui-text	
075fcdeee6027723	environment	
076e0fdd1abb7365	foliage	
07795a9f0ebc3e72	terrain	
077e137d57d1315c	ui-text	
078dec94b04eda6a	environment	
078e0e498e64c09b	effect	
079490a6fa99dfcc	terrain	
079c15060d6600ed	foliage	
07cf03929e006256	ui-text	
07d8ca3d9d401823	character	
07fc1d33fd0f636a	character	
080d181a7c055341	character	
080f0e8b15766490	character	
082baf4921576053	environment	
08375ef8ad1cb719	character	
08466fd03e8dc5a1	environment	
0892bdc7935786ca	terrain	
08bba6c052a9dddb	terrain	
08e2ac2f80f6456c	effect	
08eae82837e503c4	character	
08eaf8d6e80dbc6b	character	
08ec655d70220efb	character	
08eea244e6bcf195	character	
093f8fe7df0c77c1	environment	
0947fd26c9f9c88c	foliage	
0953bcc53b3ace32	terrain	
09597703fd5b169c	character	
097b9252e00fada7	character	
097de0552fd00ccc	effect	
09bce37a44aa4571	terrain	
0a387ea0283c37ad	terrain	
0a557284e35bbdc3	terrain	
0a95e6a8b6c52e58	environment	
0a9df29915dd5c74	foliage	
0ab5bb565da6ab59	foliage	
0ae77c504c7f097a	character	
0afcb9756c494541	terrain	
0b2f75a08d42a34a	foliage	
0b35624562f1ad5e	character	
0b7f867def095403	effect	
0b9848a2945f7c6f	terrain	
0ba92ec27391abe5	environment	
0bb2a60b6b676648	environment	
0bb6fc2adbd3fe32	character	
0c0018032a3863bc	terrain	
0c1baa9d6efe9842	foliage	
0c3cd5c22229528f	environment	
0c3d39af6478aa96	terrain	
0c3e1f7aa8349f74	character	
0c4d064221510603	effect	
0c7f534e5abe0e51	environment	
0c88b44a4fc4ba98	terrain	
0cb657bc514e28de	environment	
0cbb581743dcf9d5	character	
0cd361ac9d443625	terrain	
0cd3adc001d3d882	other	
0cd41cae79629b97	effect	
0ce5fb38898c5b85	ui-text	
0d30d27bfc6e3ea3	effect	
0d76c8720e64cf25	character	
0d849db8dfc41b35	environment	
0d8c19d20b867fb0	environment	
0d9473f23af9a75a	terrain	
0e024291e756d952	foliage	
0e14bc864bd64509	terrain	
0e5cbfe738291b08	character	
0e6e3b0980890b76	environment	
0e8155bafff8763d	environment	
0e8b72f2301e26ce	terrain	
0ece83ebcd864f6f	terrain	
0ed800a13113a4fa	terrain	
0eee82a2d3c9803d	terrain	
0f081f612a46980c	ui-text	
0f114020b541d2be	environment	
0f1c77f6aa019ff9	environment	
0f1fb4b75cbb8293	terrain	
0f2ef68a9e7aec04	terrain	
0f461614596cb453	environment	
0f5c7685f59fb1f1	character	
0f672934f850082c	environment	
0f6f0b7f457c4eaa	character	
0f705a525cb07573	terrain	
0f830d9a6718cfac	character	
0f837af44ee93384	effect	
0fae6502c9ef9483	other	
0fb19a5918dd9362	foliage	
100710535ca522cc	terrain	
100b592fb8a728bf	terrain	
1013e27b4e19a904	character	
1021fc39010ec1fe	effect	
102a3bcd1226478b	ui-text	
102a820832cdaee9	terrain	
103079baaa9ce3fe	character	
1031cc08b1a8db48	ui-text	
10321bdd7ccff863	character	
1044d80c3fd4e4e2	environment	
10780fd4ab720383	character	
108dcb075df01868	environment	
1097061c081fcfaa	character	
10cdeeab4406aad2	terrain	
10ce744669d69825	character	
10e5ec5bdc8b40d0	environment	
10e9657917937298	character	
10ffdda5bcd5ccbe	terrain	
110f256c7237ea1c	environment	
112a7ca1ce798783	ui-text	
1141df2dbdc990ac	environment	
116f2c230fd8b377	effect	
118c5f25e1ae6fcb	environment	
118dab3979cf3c25	foliage	
11b4c4d93043df8f	environment	
11e4989f7b87edd8	environment	
11e61625498ac788	effect	
11efc49c501f1927	effect	
1217971116154136	environment	
121f49d0a3cdbfe1	environment	
12222615069ce853	character	
1229cd67451171fc	environment	
12393d49e14134b8	ui-text	
125e3cf4778f08c8	effect	
129d668ead2f0ba0	foliage	
129de884b70ed189	foliage	
12aab023a04f3fb4	character	
12e9c2cb0de5e099	environment	
12ed3f6342c00cc5	ui-text	
12f8473b8de645e7	character	
131186309f42f145	terrain	
1329454b18cd65f6	ui-text	
135c392327d97919	character	
135fd24c9388f30d	environment	
137fc715cdc5dac4	environment	
138952ab3acdf33e	character	
13b0978ffb5892fa	environment	
13b4fcae6852227c	terrain	
13f9b6b120f0a0bd	effect	
13fca5c56c4e2434	character	
140b6bbe6c14ae31	effect	
140be861b52e1a74	terrain	
14199d4bba968b07	ui-text	
141ab149295e965a	character	
143556fde6f471c9	terrain	
145d61fe6153184a	character	
145ea8fd367f1b32	terrain	
14707c19b81ef51f	character	
147e7ef09a3ca894	ui-text	
1493411b06df61a4	character	
14ae19ae22f2f4bb	character	
14bc0e454711679d	environment	
14c78a8282f33431	foliage	
14dbef25476a1c24	character	
14f70e746044f07e	environment	
1518537a5b240856	foliage	
15201df17c7a5deb	effect	
15252c29a6ce592a	foliage	
15381f250540a5e7	environment	
1550dd3d3d28e4c6	foliage	
1586c990ec4f722d	effect	
15e57889a74f7389	character	
15ff13d220729660	terrain	
1648e32c67863b6b	environment	
166abb1ffc1c1235	character	
1670c8463a4b5e2a	effect	
1674ba360be37afa	character	
168248b3c3c447e1	effect	
168723dbbc788055	character	
169137730ef341ad	character	
16bbe50fdedd34b9	character	
16d2586ad6c1d96b	terrain	
16ecc80886827c52	character	
16f33a4b29a3c013	character	
1702b2941d018cf6	foliage	
172d413a2a10a241	environment	
172f7647b670bfd9	environment	
173bc0af41c874c2	environment	
17448d6cc83ed538	foliage	
175a057b9081ac4e	environment	
17627d0864f862f0	effect	
1776c770058eb1e4	ui-text	
1796f16cc1d8a1c2	terrain	
17a63794e78aa385	terrain	
17ae9f9298076b55	terrain	
17c4a72e5ceabdbd	terrain	
17cf81e61019a40a	terrain	
17e0dc7d7b1964fa	terrain	
17e2044e24ab8e3c	foliage	
17e95debb043cfcc	terrain	
1807061b5da19894	terrain	
182b90487402d4b6	environment	
1831a0d7fbf50a84	character	
1845039ecc2e03d9	effect	
1855734f54022ef3	environment	
1857cfd3485e0674	terrain	
1869931d8fbcd9ca	environment	
1888b79e1a34b74e	foliage	
18a0dbcfa7837f7a	terrain	
18dd2129b03355b0	character	
1924bd411b1b4ba0	environment	
194d7172b66b64da	terrain	
1952dd014cb5f0a4	effect	
195ce63c233a988e	environment	
197ea6853ff9574a	foliage	
198c594b6e3a199d	terrain	
198cec100edbd0c7	character	
19a0bbc15a5a6408	character	
19b8449aad2c4790	environment	
19c1ebb6fd73117b	environment	
19cc3a94596990dc	foliage	
19db200dd843605d	foliage	
19e7659f52e3db7a	environment	
19f2a4443df314f8	terrain	
1a010de5a1e6db6a	character	
1a0497da802643ee	character	
1a180dddd802338f	terrain	
1a1b5dc9d490c969	character	
1a6aaea724432c2a	terrain	
1a85293d101e02ee	terrain	
1a8b47fbde6bc330	environment	
1aab534f39387aac	terrain	
1ad12d9c10ea2150	environment	
1b15268c594080ee	terrain	
1b1c97e3ae7b8a79	environment	
1b1d5b50c040ba0a	character	
1b2bf23e87d31afb	environment	
1b2e64530c6a12a9	effect	
1b36ca1bffff15f8	effect	
1b4f14d6ba400726	character	
1b8502758bb30084	terrain	
1b8a3f9575cdc54f	effect	
1bb9f621dfbf36b9	character	
1bc12446352673a1	ui-text	
1be9dff532c85ac8	other	
1c10736a70ec7410	terrain	
1c1d3104fc862f36	character	
1c2d62f4eb26c4ce	terrain	
1c670729d80e26ed	terrain	
1c7224a6a04e5a71	foliage	
1c7acc30b0ff5bee	environment	
1c901ebee49684ce	ui-text	
1c9ca19fc2ab8fd8	effect	
1cbaf4a1355324bc	effect	
1cd0d76d1f35c9f7	terrain	
1ce59a3d078c1b1c	ui-text	
1ce7f7ecb33dd590	environment	
1cefcd475e442cc2	environment	
1d02ba0dd62c526a	environment	
1d414ab2425ced1a	ui-text	
1d5454bab32c27de	effect	
1d79571e108dfa35	character	
1d7c58d973f450a3	terrain	
1d8442cc088f8d6d	environment	
1db5e9a302f8fea4	environment	
1dc08aa0af44fe4f	terrain	
1de5dcf967cf183d	character	
1dfe6e01724f944a	ui-text	
1e13c220b50c95e0	terrain	
1e22b33826029ccb	terrain	
1e40786a1bb68c3b	character	
1e41c26a2f441453	environment	
1e4cea16e461661c	terrain	
1ea826041d84ec55	ui-text	
1ea8abb87c9cf52a	terrain	
1ede160d70304c6d	character	
1ee018edb9409bc2	terrain	
1ef4057287811fd2	ui-text	
1ef536654152a383	terrain	
1f005f11bab8b693	environment	
1f3855a2981b8768	ui-text	
1f4812d6949f1cb6	effect	
1f81576ee8b4f8bb	terrain	
1f8b9dab72434a75	effect	
1fa7555184fbd5df	ui-text	
1fe120a3d729f8ef	environment	
1ff18b65765f2180	environment	
20087abd9fd6bb97	terrain	
2014c2acef097ed2	ui-text	
2015829153568e02	other	
2030595705f9bcf8	terrain	
203f4c2e9127f2b8	other	
2068b4a0cc162a46	character	
20e0900b37fe45e6	terrain	
20edb5ed91027b75	ui-text	
2112822ea470af85	effect	
2117c6bbc2e967db	environment	
2120ac625fa58f70	ui-text	
2120b7339ec6743e	environment	
2132fab77f44c8f5	terrain	
2149b65d87672516	environment	
215df17dad804f55	ui-text	
2164ec858219476d	environment	
2177cf76fe71eb25	terrain	
21b0baaf732e7f50	ui-text	
21e4702740e81814	character	
21eeec272fe857a7	terrain	
221c6451c456066c	environment	
22215f106fa44670	ui-text	
222e587c94dd36f3	effect	
223ab7f4a0f306fe	ui-text	
228e9bee989d7c2a	character	
2291f902751c720e	environment	
22d413c1167a02a8	character	
2360d326b01fb7f2	other	
236ce91451190181	foliage	
23a54876bc007775	character	
23bb8ac4cfb606da	terrain	
2403d7471bf9fc2f	environment	
241b7bc4ca54cac6	environment	
248f1adeb49d6b63	environment	
24c423f9f0fa9d8f	environment	
24d0dfd4bc7c9726	foliage	
24e3875f6cd9620f	environment	
24f57e3f8180b5c3	character	
25231e2d8c6d2419	environment	
2540966b89873299	terrain	
25633737b77e51e8	foliage	
25a6d318cb06ffe7	environment	
25bd9813efce5117	environment	
25bf3a6b6e9d0934	environment	
25e869009bc587c0	environment	
25f78e11bd5f1c82	foliage	
25f9c157d631be0e	environment	
25fce37dae276022	character	
25ff7aed6fab9a6c	environment	
2636acab4b784d0c	environment	
2688fefc7ffcccc2	foliage	
26c74973d3ef0684	foliage	
26dbb26aac7b7dd7	environment	
26f6a6a86632009b	character	
277356210985c21c	environment	
277b6d1d5f526480	character	
27c5e67bc15559d4	character	
27cf4a8f819c63af	character	
280926cf707a5669	effect	
281b732cf95eeb9c	other	
282230b98549da08	environment	
28506c13003cdae3	foliage	
2860b567cf6478f5	foliage	
28628d59285486a6	terrain	
28f237f1c283811f	environment	
28f8dfdb3628e244	ui-text	
2905254c9c753990	ui-text	
2920e271037e776c	terrain	
292c2f6c07754930	foliage	
2944cb80cd559911	environment	
29553c84316fe0ea	character	
295fd05f94e37bf1	ui-text	
2963f337835aad27	environment	
296cf081ddd46721	character	
298ed290c71f5b3b	ui-text	
29b82c39a683a2bd	character	
29f20a74f6a5c793	environment	
29fbb07dda4cf6d1	terrain	
29fdcb4e1955645d	environment	
2a2275d15f627943	character	
2a815347c0369783	effect	
2a84cff73ba68edf	foliage	
2a951b21b9020352	environment	
2a9957dbc1e05775	character	
2abe248850fcacde	environment	
2ad35101ce0f9d45	character	
2b31dea3612e8c19	effect	
2b39f3b5f69af916	environment	
2b41ad485c4583e4	character	
2b64f66dac78a351	effect	
2b77a5bee394f816	character	
2b8183211858439c	ui-text	
2b85e5ca1312aed3	terrain	
2b882c3bb3f85609	terrain	
2b887bdfe96d57ca	ui-text	
2bc44bc03b180183	character	
2bc83dc2fdef5bfd	effect	
2bf1463315c0367c	environment	
2c0a1bd22a77ea3a	environment	
2c0a3b7248043b14	terrain	
2c13a8a1d9abdd1a	character	
2c1cec0af2fe7231	character	
2c1fd57b11361266	effect	
2c4dafb5c7e558d1	character	
2c56d8f4647654bb	foliage	
2c70de1789441dc0	environment	
2c8296d2402857f8	ui-text	
2c85006c03b65e6f	terrain	
2c8cc175b6202c86	character	
2c902166c4bd9971	terrain	
2ca2e248b98e7d23	terrain	
2cc23ea269ff993c	character	
2cd11f1c342a81ec	terrain	
2cd9099e987cebaf	terrain	
2cd950fe7b97f877	environment	
2d5583981946cfde	terrain	
2d6ab1dacdb3acc1	character	
2d7a30ec39c422e1	environment	
2dc0e2ecdc1218a3	environment	
2dc910c82d88e5ca	character	
2dcac31f615588cf	environment	
2e25a472611910fc	ui-text	
2e3eddac0920e9b9	ui-text	
2e64c2cb87c71aaa	effect	
2ea0125efb67a36a	environment	
2eaf83de81cb40be	character	
2eb646edc9b14d3a	terrain	
2ec3eed7e9d5e18c	environment	
2eec5ed55ab7885f	character	
2f3231f07d60e81d	environment	
2f72412fbecd6c97	terrain	
2f9340f3f42f2baa	foliage	
2f93b0f7cce580be	character	
2fb027cf142eb17b	terrain	
2fb84db0c0df7055	character	
2ff11557f276a11c	character	
2ff189336220bc66	environment	
2ff56881e9157dd7	other	
3024769afd07a298	environment	
306d10c2865a7922	terrain	
308e0702d7eb2b1f	terrain	
309701c0aac46390	terrain	
309ce0e377645533	foliage	
30a4a837862f7fe9	environment	
30aee162afe769eb	terrain	
30c85f0aaa3e9c67	environment	
30e69a1a7072de3d	effect	
30f8edbd7dab4483	foliage	
30fc8d8578bbdd3e	character	
3131b279129855ca	effect	
314941e8e7ca40db	environment	
31522dda4e2024c5	effect	
31536241640d2948	foliage	
315835150e430907	environment	
3174ef42393bd7b1	effect	
319c72495fbdf97b	environment	
31bd15e9fdfa5860	other	
31c4ff14c14acbc9	other	
32061f4382d8729f	effect	
3227b649e57d06c0	ui-text	
3242f4f85178357f	foliage	
3243d14a9f839cf7	environment	
3244933545681061	environment	
325f75cec6f87075	effect	
325fa1f55399f4bd	other	
3282f4c709fb8b9b	character	
32de582626d54cf5	character	
332542f2981a0c1a	effect	
332622def2d7f9fe	other	
3341e8224d5dbc4b	other	
3371175647f40f3d	character	
3395fbb9c8987980	terrain	
33da72d68f89a0ed	terrain	
33df75aa041bfbb3	ui-text	
33e75b3a5bb72486	ui-text	
34015fee20ccecff	effect	
34081660750743b5	environment	
341a212cd4efef92	foliage	
341ae7f53fed59c8	environment	
34320d311f00138a	terrain	
34864aa4e6cce6a9	foliage	
349074e227ecf1ac	ui-text	
3498ca5e4dd65439	environment	
34c91dcd7662cf3b	foliage	
34cf98ea40173167	foliage	
34fe0b1d1b59c3fc	foliage	
3517ea1b6433f997	environment	
351e7a44715fa250	environment	
3528a68bf0b858c3	ui-text	
3558d9d6853b4525	environment	
355bd34766dbad64	environment	
3565c79cc7352de1	foliage	
3596a612e4993001	environment	
35a187396dde9eef	character	
360026c137ff67ec	effect	
360dc62d2be5a8ad	environment	
360f5b002b147f68	environment	
36189c1eb5df2302	character	
361c74dd142806b4	character	
364336d166ef6d5f	environment	
369d4d8c4491d8d3	character	
36af954576e91225	terrain	
36cd866689004316	foliage	
370604fa2e38d24c	ui-text	
371e02b256ff4d42	foliage	
373e8c8eca80444e	environment	
375dce47c664f02f	environment	
376e926d227df9ab	character	
3771eec122d62e6c	environment	
3786ef13915d8705	character	
37b1c587244ccaeb	environment	
37b41d78ae5aca53	character	
37bd8b36c53a4b38	terrain	
37d6c5215b2c3c32	other	
37e3172ba13b7376	effect	
382faad1214819da	character	
38490fde9e5f7a15	environment	
38675cbc6bb8967d	environment	
386f9407806d6e1e	terrain	
3871b1de8e0eafa6	character	
387c51bef55d015a	effect	
388b45c2a8aa8117	terrain	
38b45626163fb174	foliage	
38fff3c9964ca398	ui-text	
39001d74648812c9	environment	
3905c18b3376af1e	foliage	
391040674c2117e5	environment	
3944df1482cc7741	character	
394d1543702c2e76	character	
3962417d0b2445c7	terrain	
3972913f09920c8c	terrain	
3982aadee45186e6	environment	
3991d1a986a63cbf	character	
39bd2ec454327c9b	ui-text	
39d2b2aab1dce416	effect	
39f9d092b723d881	effect	
3a3c6fde40f8d260	environment	
3a44c3925ec80d41	effect	
3a8e08d8198bf4d8	environment	
3a9c5e7cb7d5386a	effect	
3aa5cd207b8418c9	terrain	
3ad2bc104b3d58c4	character	
3b45f1e55604392d	terrain	
3b59b91823a6ab64	effect	
3b79338575090065	character	
3b89aef4c675eed2	foliage	
3b93a39a70a5da2d	environment	
3ba5fa2826796731	environment	
3bbbeecee5fcbd49	terrain	
3bf360ce276e5488	environment	
3c15dd25042e564e	effect	
3c8b900de0247e16	foliage	
3cae5294bfe6fc27	environment	
3cb71ae4f17309e5	environment	
3cb87f40d367abae	character	
3cddd65d80444747	character	
3cdf8da71a72ed2a	character	
3d1cafdd92bf2eee	environment	
3d29a48aa5843ee6	environment	
3d3a0195640379da	environment	
3d7f146a4e286ee6	character	
3d80bc888af64f63	environment	
3dc64e8e4488d633	terrain	
3dccb9c8b721af93	environment	
3df0acdf19725431	environment	
3df6888e4d08d52b	environment	
3dfcf7d78b7848f6	foliage	
3e0c9c6d0e361467	character	
3e11381db406d8d7	terrain	
3e6282311cf33690	effect	
3e7599e66bce98aa	foliage	
3e7d4ec61009c490	terrain	
3ef8d6185476792c	ui-text	
3ef9dd164f9222a0	effect	
3f5b5237177b8ded	terrain	
3f6e123a2aa98c8a	environment	
3f6e3f03efd36ec9	foliage	
3fa24af0312d62df	environment	
3fb1ee8de645f45c	environment	
3fcd92a8cc39a3ce	terrain	
3fd523224daa4409	character	
3ffb4930affacd05	character	
4016d16f22e369b7	environment	
4072fcf2d38e3ebd	character	
40904ff4e74907cd	terrain	
40c85ec6914d7830	terrain	
40de4af1954d2239	environment	
41098a6fee713ffd	effect	
412424a074931ab4	ui-text	
4144683b884d78f3	terrain	
414513c48ced53ac	environment	
4160ee8589e18f4b	effect	
41839cce39982faa	effect	
41b340cd56f63f8d	terrain	
41d0d805ca678345	character	
422c0a3a37dcbcd6	foliage	
42386eb2935e5f2e	character	
4269fa42daaf460c	character	
427ac760b757c7c3	ui-text	
42944b080035beec	terrain	
42bff965cd956971	terrain	
42e1a1a4c9d429ca	character	
42f7f8fce7e4d7de	environment	
430894a67687aaeb	environment	
431cb5e2218da389	environment	
432194b90aeae570	character	
433cf34c25f10d43	terrain	
438032ee6ec5a518	environment	
43923b9552a61d70	environment	
439e83478a2a4b59	terrain	
43a37f35c559d95d	effect	
43c6fc7fd6bfb5b7	foliage	
43d4d060246759cc	other	
43d75173ac8b3c91	other	
43efbc39ed228379	character	
44096f51b2b0904a	character	
4449494fd11c3fb6	ui-text	
44925938ae5e3de0	environment	
449c9a293f5c7062	character	
44c781c3576ee523	effect	
44d3a9f11295cb0f	foliage	
44d487bade5a73bc	foliage	
44e1f282bc5a6b79	other	
44e8c1bdf3d6431d	character	
44ea5c34afe9f79f	ui-text	
44ec299b0bb34cff	environment	
450c9ace1d0ee745	effect	
450d6a261bc5cffc	terrain	
4514eca5aee17f70	environment	
4561afa89122a805	ui-text	
4574bfa65eb2ed3c	ui-text	
459d446e0c1100fa	ui-text	
45e249c68ffa419a	ui-text	
462ac2a463e2a994	terrain	
46549c9a6e880948	character	
465c6e46129a159d	environment	
4664bd790f580c65	terrain	
467def27468d93d5	environment	
4686ba273d33f5b0	foliage	
46d63fb7d51eab25	environment	
477ae21ee0a46162	environment	
479e798a1fad3275	effect	
47c6d1e46cf0a18a	terrain	
47c7048364c552fd	terrain	
47c80f34d3d5dda6	terrain	
47cd1430d21d1c76	foliage	
47d24831e6fada81	terrain	
48021f6fc33c4fff	environment	
483317e7ebf327bd	character	
483e63110dc436a9	foliage	
484068804635bfe7	effect	
4840e5f77a9d9ba0	environment	
48553c11b027d9bd	terrain	
485ed6da5528ca15	environment	
4864d2e4c7cb95d1	other	
48660bdb45807c23	environment	
486fd56157c20e0b	environment	
48838cfb51e090d2	environment	
48ae64eb01d9cd0f	terrain	
48bba97095abb689	environment	
48ca9fa0663ded3c	environment	
48d91cb8108857d9	environment	
48e55dd7fb6bff79	environment	
48e655a3816806ac	terrain	
48fe90bf37e3a6c0	environment	
4903eb2320408dd0	environment	
49140c7e6119c433	environment	
492a2e280f1e0108	environment	
493b702d464e2747	environment	
4944fbfcf6eca760	terrain	
494e01a2237dc7ab	environment	
4974962028039aae	effect	
49771e88122f4179	foliage	
499580a6d01bda64	other	
49a09202b8f90fea	terrain	
49c4cee320514344	terrain	
49c8d3c7af25d2c0	environment	
49fb4460ae5ce2d1	terrain	
49ff702ea7031d59	environment	
4a0f31503e354218	terrain	
4a1b406284c3e018	environment	
4a3310c30bdc8b26	terrain	
4a39989db146ddfb	other	
4a46ec4f6e60498c	other	
4a5259e6803f8289	other	
4a6d35b36a9d398d	environment	
4a9ad9721236e2aa	effect	
4ab7b657d5cec8f3	environment	
4acbeeb52035802b	terrain	
4afa5d1d301aa967	environment	
4b4d7ca1f0c2ea2e	other	
4b79bd7a2de52d85	environment	
4b8c861619dab3da	environment	
4ba8152216cff7a6	environment	
4c022eb1120cfa50	environment	
4c1a66346e043015	environment	
4c5168026127dfdf	other	
4c5c8798674d02f9	environment	
4c5f900a7c5e2da0	terrain	
4c7e6617d28e8c70	effect	
4cbfc67a4c03f9f5	other	
4cd8769effd7ef10	environment	
4ce78fd2dfa74b11	environment	
4d49f1f5c0010e2b	environment	
4d9f89686cade8f2	character	
4dba13c2c75dae01	character	
4dbf0c6e4a788484	character	
4ddc69cb2a26db1c	character	
4e26e21e1bddb288	environment	
4e38dd9e77a9a170	terrain	
4e4ce5e271dfce1c	environment	
4e53d6380c938505	terrain	
4e849f837d636f81	character	
4ebee1dc25fbd661	environment	
4ebefe069b7269ca	terrain	
4ee72f62ac71692a	terrain	
4f004b408db4f1b7	terrain	
4f0d44e844a28f2e	character	
4f504c6d1696fc36	other	
4f754158099bd93f	foliage	
4fa0c5c653528b71	environment	
4fa5e39c28225ea3	terrain	
4fbacc64f7301d95	ui-text	
4fd75e5ffb6924f6	character	
4fdf80f45a41b713	character	
50042b0ac1414fbb	environment	
500afd7b726979f7	other	
500fe82193279859	environment	
503866cf51195454	foliage	
50410e38e453f062	environment	
504bd1bdbd690587	environment	
504fb59952e7029a	environment	
506bbf89b6f6add9	environment	
5089a426b5249dc6	environment	
50bea7913f73ff39	environment	
50d326435eaa7116	terrain	
50d34958e3f187f8	environment	
50ecead0e1261419	foliage	
50f250d66582b66c	character	
512650d399c7ed5b	foliage	
512e200100a10069	terrain	
514e622c0108c547	character	
51953cb0e9ad52b4	environment	
519789e6b3cc47fd	environment	
51b0164565df323f	other	
51d6698fe32d319c	other	
51f28b5551d149ba	character	
522dae151f9e69ed	effect	
52361e9781fe9c94	environment	
523f8cc3f29a9846	environment	
5266b423ee4009f7	effect	
526ba53f7872382a	other	
527b61a45b4622b1	other	
5289523d5b5554d4	character	
52bf4115c769622b	ui-text	
52c6134026de02d3	environment	
52f52f34e0fbaef2	environment	
52f5c3684f171860	foliage	
52fd04686abed538	environment	
530847a594a0fe92	character	
537c1b6e478bec33	effect	
53a17515845ad60c	terrain	
53cb3786762485c5	environment	
53d5cc0e77ae26e8	effect	
53db6b1765719aab	environment	
53f2b3b496e2ebfd	environment	
53f4042a43d3a09e	character	
540368cd2d66855d	other	
54125ee532e29da9	character	
541d8a7dfafa824b	other	
542512db70fd4d1d	other	
542af7be44a1488f	environment	
542cf9791342bbd9	effect	
545bbc9ab2c03bd6	character	
5475d3ac629f6711	character	
547a76ca61c6cbd1	foliage	
548f553188ff01e6	terrain	
549d6ba2382e8faf	character	
54a7301b107e6672	foliage	
54d172f98d3c9dde	other	
54d694f0290de9c9	other	
54f14235613160bf	character	
54f3863e873f8ff1	effect	
55015d2214df746a	environment	
550b5d7dac67bee4	foliage	
5526105d7ea10533	environment	
552fad9a390de09b	character	
554d2cea4b0ad734	character	
5581ab7a91497956	other	
559a819b948b2ce2	other	
5607cefc1d2f5ec2	terrain	
5688099b13272eb9	other	
568cdf9ce0db7a7f	foliage	
56bde7c793af7e9a	environment	
56dda859a6f3b391	effect	
56f8792e39e2588d	other	
56fca0cfc95b2f86	other	
5736ec90a05fc6e5	other	
573e9f7987fc89f4	terrain	
579bc8e0dc64ace7	terrain	
57b8df2d9821bdc0	other	
57c5447f9abecd7b	ui-text	
57ca6610579aea93	environment	
57d0e504f7b481ad	terrain	
57d8aa393a922b25	terrain	
57f6551753011829	character	
583784110fa6c49c	environment	
58644ee82305865a	environment	
5868ee08b7de4d64	character	
587104081aac0313	other	
589adfd787f3ee16	character	
58b8fa0449818ad0	environment	
58ca0f4571e09af7	environment	
58d69fe181a05c48	environment	
59041433967abfc3	environment	
5914b3ca9199a72b	character	
593e14f689bb3fd1	ui-text	
59740472192027e2	other	
5982d979df980034	environment	
599901f4414bc8ba	character	
59b26e9e5f42b837	effect	
59c6d972fced004b	other	
59d9c28cb534449b	character	
59e1f66027b65ae5	environment	
59e6624c1789703f	foliage	
59ed9e1b3d5778e1	environment	
5a027a1f6f3d6c65	foliage	
5a1e406cb0949263	terrain	
5a247a9adbb4e82b	character	
5a3c6c1e4530a224	environment	
5a4b24d276791eb4	environment	
5a7b66a6042ae65f	effect	
5a983e9fe2f90a34	other	
5afde1170a049f18	character	
5b20c0c962cf9f9d	character	
5b20c7a0dd077015	character	
5b378f0094695a50	terrain	
5b6ab90d1b3a3086	terrain	
5b7158d33758ab37	foliage	
5b8ebaf0dca267c3	environment	
5ba06e4a6f7c79b9	character	
5bbc4640e323d68c	foliage	
5bc9db3c98cea91f	ui-text	
5bdba75cf2fa978b	environment	
5bdcc864990f3e24	character	
5bdd3dcf3d4ca95e	character	
5bec80cfa62c1b05	environment	
5bed5016a102ef73	environment	
5bf58fd9a1cde1e3	other	
5bfc232e4373153d	environment	
5c2faf85f1e5e33f	effect	
5c43a1c19812b3e7	ui-text	
5c5814c8a39bd939	other	
5c7c1aa40a84474f	other	
5c81a820633d8cd0	environment	
5c8bf95071965522	other	
5cb244140ee8058c	effect	
5cba5b7a4c7d33bb	environment	
5ccb3a9fa073e938	terrain	
5ce2375d2a2be07d	terrain	
5cea7a0d40fe9bcc	effect	
5cf4861d0adc663d	effect	
5cfa9fcf53602ff0	effect	
5d0d847ec0e9388a	other	
5d2496e500b71a65	environment	
5d52dc6f36193417	character	
5d544f491928d832	effect	
5d82483fcc097b4c	ui-text	
5d88ff17c1c1eef4	terrain	
5da2b340577be83e	foliage	
5da76c9ffa98875d	terrain	
5daf49b8ae886844	character	
5dc52cd8988bb83f	other	
5de1ebbc1380f1b9	other	
5e090040d78e3b81	effect	
5e09e29e05f6f0a2	character	
5e0bcc668e415348	terrain	
5e26bb8a124e4f11	character	
5e4c0e770f11aa5d	other	
5e5420bb82e056b6	effect	
5e7b11230390abdc	effect	
5e7e2735d8877ece	terrain	
5e87e12336537b4d	other	
5ea4d87362fc5c56	foliage	
5eb01e2f77ac4049	foliage	
5eb423f3bfdb0997	foliage	
5ebee4e11381eef8	terrain	
5edbf5e0c96dc59e	other	
5f02fa8b1e20c983	character	
5f2815d5c54035f7	environment	
5f32f09daa1480a0	terrain	
5f344ea56116ae30	other	
5fa9264e1755af81	other	
5faea6bc0bf9451f	effect	
5fd4901f75d05f86	environment	
6005fb5610bf0806	other	
6012943c25ccb656	other	
6033acfe08efa142	foliage	
604e9559c9305b60	environment	
606f920bda2f50b1	character	
60a659a062afdbf1	terrain	
60fa3d86929c3f14	environment	
6108faa08bd2d8bc	environment	
611252d9630604d6	other	
6125cdabcb4427c3	ui-text	
61262cccfdcac297	other	
613521c3b5a09eb9	ui-text	
613565cece1afaa2	terrain	
614e147e88b95394	foliage	
6154ae979d0db902	foliage	
61a2222b7efd707d	environment	
61c20d62771ec431	other	
61cb66a7bfa79ec2	ui-text	
61cecbb88fd1601b	terrain	
61d3677e8b0ddf04	terrain	
62153caf402af916	terrain	
6255081be9990acf	terrain	
625dca072b4de65f	character	
62729b7f62620f63	foliage	
627dcd3fa3a65c58	environment	
628ce491d10d743c	environment	
62bb1483a73cf3b5	character	
62e30a1d34cf5236	other	
62e70f8be1f00898	ui-text	
630b544ad9a8453b	environment	
631863319965d6bf	environment	
63319c4329177f72	character	
6336229f6acb53f7	other	
634e2a85fca2e2e6	character	
635daab7e34a9b2f	effect	
635f6fd335aed686	terrain	
638c7cde43f6e627	effect	
63b2f813ca5099f4	character	
63bc5afd9e5dc1e4	terrain	
63be576e17d5a5fa	character	
63eed54acfe43dc5	character	
63f5fd801d165a9b	environment	
63f98f800d6afd3e	foliage	
6434f0efb3fcf7a4	character	
6435bd1692d543fc	environment	
647783478e2f97af	environment	
6481b9fa98e2ae2e	character	
6481c587bc03f78a	character	
64822406b827e068	character	
64ab21340fbfae81	ui-text	
64cd78482826aa56	foliage	
64d5664d14acf79e	environment	
64d9307b94988fa2	environment	
64d9d03c9d889ac9	character	
64dfbbba3901363c	terrain	
6508d3d643218e42	ui-text	
6529bfa6f385129d	terrain	
6553ea110e479b50	foliage	
65aa8dfe262a029e	environment	
65c7cc86a0b9570b	character	
65e31dafa9ef17a0	character	
65f4d3964254daed	ui-text	
6648b230060736cf	terrain	
6659c5e5bce5010c	environment	
6686b4ef122b9ad0	environment	
66b82ee0ef49689e	ui-text	
66ba0fd22f7e001b	terrain	
66e4b2322dd7bd8c	ui-text	
670033639f2f839f	foliage	
67102a37a3ae0568	other	
6721b105970b0ef2	environment	
6751ed05d5d1a9a5	effect	
677460fbc688ec5d	environment	
67814cb3f82d7c26	character	
6788295651a3e0bd	terrain	
6789379a1eca1172	character	
67a276bd31b963d7	terrain	
67c046ba69cdb7f9	environment	
67ce0de472190b0a	environment	
67efc32c20a0ff9c	terrain	
682a7a70ab588693	environment	
683683a9962e695d	character	
68502661465d1675	effect	
6853006599f8e6f9	terrain	
6872af87ccf7b3bc	terrain	
68737007f749c99c	effect	
6881d51c4f1d1575	character	
68b138048174c140	terrain	
6908bc3e73f1ffef	ui-text	
6949490bc87c4fb0	character	
695c86bdfbc5bb8d	character	
698e8fd07ee96d65	ui-text	
6995fe2314d74ac7	ui-text	
699a47dab8939193	terrain	
69a03ccb45092eba	character	
69a5e5062ec99846	environment	
69c8af90fbfba110	terrain	
69d99b9888b95b38	environment	
69efff60684d90ba	environment	
6a002fe9234a490b	terrain	
6a12c5c79ed52a3d	effect	
6a199444440d2890	environment	
6a33a8e73e1b79f1	environment	
6a5415e225830286	character	
6a5b0050883c8c93	terrain	
6a712fcb7c007716	character	
6a82430fea11c9d4	environment	
6a87468d4db616fe	ui-text	
6a906b61a5c5a649	environment	
6a93295250383a68	environment	
6a9d178b8f2cd995	terrain	
6aa3fd4301bf0b69	environment	
6ae96012084caaf7	ui-text	
6af87fa5cb42960a	environment	
6b0cd27b1eabd5dd	terrain	
6b1621dfa4652164	effect	
6b208b3ef1664122	foliage	
6b46c053ef2aa9f3	terrain	
6b6475d3c744dc81	character	
6b64faa5f603429c	environment	
6b8f3f0850d5fbfc	terrain	
6b96cdecff970ce7	effect	
6bca84179e7d7d9e	foliage	
6bf779c85f383645	character	
6c13162b86639b5f	effect	
6c38f5e1445f4efb	foliage	
6c41985931990354	terrain	
6c439453f2d6a4bc	environment	
6c5ab0a9df084416	character	
6c8b58343319713c	environment	
6cb72310c261fccd	environment	
6cc94011ca9b037b	effect	
6ccaeddb7d4d4954	environment	
6cf51dfd202a21f4	terrain	
6d03e2e9462478a8	foliage	
6d427a541ce8ea07	terrain	
6d7e4e20fefba25c	effect	
6d891e5a7e11f23a	ui-text	
6da5e6fb6b4457d2	environment	
6dde05e51423b4bd	effect	
6df571c12c3ac951	environment	
6e0d84c4b1691222	effect	
6e17cee05a908e6e	environment	
6e2846d370bd8d07	effect	
6e2f609fd80971f9	foliage	
6e39e168d0244468	foliage	
6e4736c40c37e967	character	
6e4a9ee1d9d96e52	environment	
6e736cb72277aa2f	terrain	
6e96dff0bce69430	environment	
6ea6c8e5fda100da	character	
6ea703df752b8d2f	environment	
6ee910403b27a3bc	effect	
6eeea45c57ef7a39	environment	
6f02d14ddc93cb2a	character	
6f22201a5f1ff323	effect	
6f2340336a7d66d8	character	
6f2cfc82ebf5cd3b	terrain	
6f4856631b1847f3	environment	
6f57d688b09ed34a	ui-text	
6f6a8bcb7a0beca2	environment	
6f8261b64cdaea72	effect	
6f83e547f7f33fe8	character	
6fa683d21101a76f	character	
6fbbac8996adef5a	character	
6fe9e91b0312279c	environment	
6ff6112f7458f7c8	environment	
6ffb9c8df54a314b	effect	
7020b9f266f0350d	effect	
7031cb917bd11f0d	environment	
70394bbbc0405af0	environment	
704cac2ded268842	environment	
704d833857090ffa	environment	
7083bd3d5add2f3b	terrain	
70a9e61950b8e4e9	terrain	
70aa16c912137f82	environment	
711ab5b6b4ded595	character	
712b2249c6001e73	terrain	
713e42ed35cfd4de	character	
714340027da80d83	foliage	
716b1f118bae2ea1	environment	
718924190b197409	environment	
71c43069949b1286	environment	
720061c79dc68f61	foliage	
721c61656223342e	environment	
723d4427536034d8	other	
72a2da5a4aee71d1	foliage	
72d10f74276d0226	other	
72db98d404ba62dc	effect	
72faff53025bda06	foliage	
731c2e6aa34cb5d8	character	
731f12bcf9778df6	foliage	
7322516d099b7744	terrain	
7332e262516a5801	character	
73372d3fce624563	effect	
734adcf7665836bd	foliage	
735e6ace0f87493b	terrain	
73c1d0649b643432	character	
73d1c637d1f0ffa8	terrain	
73d52d612789e537	environment	
7435d02000f63398	character	
7469dbb1fc851afa	ui-text	
74749506823b0014	environment	
747f78493b1b6299	ui-text	
74a23bb65a69573f	terrain	
74cd9ff613e71afb	environment	
74e7c00fbdb7c516	environment	
74e9ed8ae9ff480c	effect	
75587906c96b2dee	terrain	
7559e44f56629983	character	
758ad8ec62631f8e	environment	
759497b17b2c2289	character	
75958dec1c9b085a	terrain	
75a8319b0b8bf50e	character	
75ab7a1b672ece58	character	
760f2b005a7a669b	character	
7614a9d9f010deb1	character	
762b336ca025a75c	terrain	
7630de0ac4daf456	effect	
7634909bc354ac13	terrain	
7634c695cc679d9d	character	
7638bfaecd8f4e14	character	
763a9265088ceb63	effect	
7665ba0b13941aac	effect	
7667b7b695a35593	character	
7669e498bec6f575	environment	
76c15c87051a9b3d	terrain	
76eb6b2966ddfe01	character	
7726272cbffca0ec	character	
775500738b5cbada	character	
77562607458cfaac	environment	
776c31a81748b29b	foliage	
77785496fe315665	environment	
777e520fd1a15c22	terrain	
7782c9b12bb4803e	character	
77bf5c1ca972ac08	character	
77fdf5b24e115042	environment	
7801cf4734837e8c	character	
781ba7548c8577a3	terrain	
7836278be574544e	character	
784abf321155ad10	terrain	
785441656cda1ef4	terrain	
78642b0b60d305c8	character	
786b9d07050d7491	foliage	
787277e0519b3004	terrain	
787e5fb83f68d82e	terrain	
7897510b2b223f68	environment	
7898a4228742fc21	environment	
78a55675438b49be	environment	
78aa58961200e6de	terrain	
78da13ac4acb1357	environment	
78db20927f89048e	environment	
78e6bf9c2f740e0c	character	
79009d15c715e699	character	
7938c7c64314f3e8	terrain	
793f2bde7f64ffbf	terrain	
79ab5b4494334a06	terrain	
79c2e96466e3c15a	terrain	
79c682daf4526f88	ui-text	
79d2daa185075a17	effect	
79f817410d4026ca	environment	
7a0c1fac543607fa	ui-text	
7a2ad8158d1b6223	ui-text	
7a3707cecac08cf0	character	
7a483fd4fddc4e35	environment	
7a48e3f2051ee8c3	terrain	
7a72882f68446fdf	character	
7a8c2254c290a282	effect	
7aa612d5044feb95	character	
7b1ee12f5e00e1fc	ui-text	
7b24e8c27c620a81	terrain	
7b71568f862e821f	terrain	
7b7af9ea0bc12a4b	character	
7b800fe1bd9ded6d	effect	
7baf7b9955bc8ec1	terrain	
7bbb2bc22b8c6894	effect	
7bc9fc2789715a67	environment	
7bd4290ea966b409	effect	
7bd64c9d9d8fc06a	environment	
7bdb29c36bd92156	effect	
7c02288722e7fc77	ui-text	
7c1a44ddf0999454	effect	
7c1e63d96484a6ba	foliage	
7c4b85b8e5ed72dc	environment	
7c68072ff5846306	environment	
7c6ac820b0d069b2	environment	
7c869eed50e5e7b1	terrain	
7cacfa8321a953c3	character	
7cafff76db30bf5b	terrain	
7ccd6572fc6f654f	other	
7ceaeda7531ea858	terrain	
7cf2d32f002c39cf	environment	
7cf5966e516c2a30	effect	
7d2605157c96119a	character	
7d35efb64451ddba	effect	
7d43d904a07c5522	environment	
7d7128d1aa3a8150	terrain	
7d734765003a61b1	foliage	
7d829f4789eea2fe	character	
7d940d7b1330c128	effect	
7d993c97c908887e	ui-text	
7db9839341dcd35b	environment	
7dd264598e4960e7	environment	
7dd5706f1bfd4c1b	environment	
7dec0250d597b386	foliage	
7deed00f9c2faebc	environment	
7df03c82c659adc4	character	
7e48be14fe32d998	effect	
7e534e88e7561352	environment	
7e5d95102841ed48	foliage	
7e631df2277ecfc7	foliage	
7ea6184213d93255	environment	
7ec53f26eca9a03a	environment	
7ec8a491d6e7c709	ui-text	
7ed79657d1228ca3	foliage	
7f320c5d9dcfbddb	foliage	
7f36ede666f24129	foliage	
7f4df994ee543fb0	environment	
7f53ab355566e3a6	environment	
7f550882c0a250d1	ui-text	
7f5ddf29337750cb	foliage	
7fb1e0f35600d1b9	terrain	
7fb989aab1ef6228	character	
7fd6dfff5c2262bd	environment	
7ff99da3f761858c	environment	
800ab48763b3bf64	environment	
8044a25801907555	foliage	
805ed580257f168a	environment	
8083a6af4bf87c3c	character	
80d055915e72a3e8	environment	
8145ff1aea44dd2c	environment	
814c3edcc35415db	terrain	
815058c70efea44d	environment	
81622625f1860807	effect	
816dd9e38b2f89d8	environment	
81793ff5f100cf75	environment	
81c694e984b47065	environment	
82164fede6306502	environment	
8223389d971966cf	other	
8224836a8e5be2e3	ui-text	
822d25d9e9aefe4b	character	
823d34b02afa92db	environment	
823d56baa784cee4	effect	
8265b7456d4f9bb7	ui-text	
82b978c40f4a1024	environment	
82bcdbef3a4fd98c	environment	
82c37d6aaf3ef824	effect	
82d4faffd541c66e	terrain	
82f5ab6cc98b76af	environment	
8338a1f99865a5ea	environment	
8392074c0f783639	terrain	
83a10d1b9d84fb95	foliage	
83c9f6b3164d60ac	character	
83ea82271a9531fb	ui-text	
83f38b119c114693	foliage	
840dd62510d0661c	foliage	
84338cba54b30026	environment	
844239e9a59f859c	terrain	
8446de14028d869a	environment	
84682b7a4e7501e2	character	
8490affd5b4e3af5	environment	
84933244f09abdb8	environment	
84b1f7534b0e545a	environment	
84b23bc9b1887ad4	terrain	
84c8a1d249a32672	foliage	
84d36996a439d3a1	character	
851cf66628dc3606	environment	
85398124421fb5f7	environment	
857ff3aad855f342	environment	
85abfe806d3589b3	terrain	
85b2016458e26e86	environment	
85bea2ddf42529fe	environment	
85c4318c20506e4d	environment	
85d61d5f90b8e5cc	environment	
85ebbd721c097f77	terrain	
85f4f131de6539d3	foliage	
86160a9967638f88	environment	
863e38a9d48051b2	environment	
864a06ddf062defc	environment	
8677368fea4d1443	terrain	
867c0c0ae2fb1e3e	environment	
86d494137f579d60	environment	
86fe240e1f41cd73	environment	
8749695b05aa5dcc	environment	
8756b2f58644c708	terrain	
87655a1e0136b536	environment	
876841238b617c96	environment	
877aa8c58fc7ec32	other	
878b76619d4a54c3	terrain	
87a4aab0dcef56e9	environment	
87ca78fa173a5c55	effect	
87db34ec854e123b	ui-text	
87f585dbcdeb583f	character	
87fbda78b1618849	environment	
8806463b6339d6ea	environment	
881377e4b488aadb	environment	
8826fcb1dcf5e355	effect	
88400abff9894150	character	
884652cba487d7e2	character	
8864d806d421f9df	environment	
8882a05378ce35bd	environment	
88b0b1df1bb4b611	environment	
88f970bb32deeaef	environment	
89153303ff338256	terrain	
893997d5e276d916	effect	
897d4a2b4853abe4	character	
897e36def3b951d3	terrain	
89826820097e362e	environment	
8999519d536b0cb8	environment	
89afc2f5cc04f19b	environment	
89b0f6ed5bd07037	terrain	
89c0cb8b201fc8de	character	
89ec9643f9787a41	environment	
8a26776245f640b6	environment	
8a6f96d0f8a4efe3	environment	
8a80169adfee26a2	environment	
8a8da703ebcc775e	terrain	
8a9ca88f26cb7990	environment	
8aa0f4304f0e0528	character	
8aa7340f893c6931	environment	
8ae80293f0fca0b4	environment	
8af792c30585ddb0	environment	
8b050e3144615891	environment	
8b34813934cb6b41	environment	
8b4071f8c8c59019	character	
8b4b5149ebfa19eb	environment	
8ba5cfe7e35db548	environment	
8bc1b978c885a87a	environment	
8bf01c258d4cf98b	environment	
8bf7bdf5e6aa394b	terrain	
8bf91b48df1a4fdb	environment	
8bfbe854ba45c032	environment	
8c34fea5cbebee44	environment	
8c3d9ef635d6a3f8	environment	
8c4de8e726efd27a	terrain	
8c8d20c61bfb0a4e	environment	
8ca56163c42af470	other	
8cb3d970ea21aebf	ui-text	
8cbbc3c403b08565	character	
8ce67ae875801b70	ui-text	
8cea7cfda21db700	environment	
8d510ce2a715f78e	character	
8d75403660e871b6	terrain	
8d779483cacf2839	environment	
8d89a550be59b361	environment	
8da6dd885e8c869d	environment	
8db15302f0223ae3	effect	
8dba6a44c9ddbf45	character	
8dc0a6b87457849e	terrain	
8dc965c90215052d	environment	
8e093e27e666100f	environment	
8e126e8401f116e1	terrain	
8e1cdcfe243afa45	environment	
8e2ffe76222daed6	terrain	
8e365106285bcb36	ui-text	
8e3b017dd0e7597d	environment	
8e431a38df83283f	environment	
8e47576aad8e08fa	environment	
8e4a4d8baea14f59	terrain	
8e59946ffd5c53b3	effect	
8e7207df41a2b5a5	terrain	
8e9f7387aff45eec	environment	
8ebb1dc1bbd6b792	ui-text	
8ee277f06d067da5	environment	
8eeb22897a457f09	environment	
8efe699a83b5aecc	environment	
8f0b6fc9a85dadc8	environment	
8f2b6ec08ab322c3	terrain	
8f39f1a973e17584	environment	
8f587cfee3ad265e	environment	
8f59a37a444654fe	environment	
8f753340fd31d755	environment	
8f7c74b2e5748ddb	effect	
8f9424fc2240ee64	terrain	
8f9cc8b078ffff12	environment	
8fa3ebe23b40ac25	environment	
8fa47548e2fcacb3	environment	
8fa97dbcb35764f1	environment	
8fe14f060482f510	ui-text	
8fe39276b8796d16	character	
90056884a39390ed	effect	
9063c7150d8352a6	environment	
9076f2069027dba5	environment	
9077aa887926eb33	environment	
90a9e45f071b0dac	environment	
90b4153f01e4fb8c	other	
90c21531ac7750fb	terrain	
90d3c42104b41745	character	
90f27f443ec503c5	environment	
90fa5a7e5ed48431	terrain	
90fc8e7c137eb0c1	environment	
914548e8e62cc57b	ui-text	
91988308e5cf0d41	character	
91c636acb1fb2e78	terrain	
91e8f9f26292d477	terrain	
921e82571dc6bc58	effect	
9221c1ce53827bbb	character	
9221d5b7434838f6	effect	
9258f37b64b68b91	terrain	
926a9aec20cb02e4	environment	
92726e2cf2673f2e	environment	
928a2fd3d1ecb44b	character	
928ec28d60482270	terrain	
92a3fbd37c6da949	terrain	
92c1f2830ed712fa	environment	
92c54cec7f275833	foliage	
92e55c75523c4253	environment	
9320af8549055006	terrain	
932aabe4e786c805	character	
938f0719e1b83cc8	environment	
93923a32657cbde9	environment	
9396cb51e50b0b52	environment	
93a8722378a619f9	terrain	
9411d9c1f30aaf23	effect	
94158797eefb4738	environment	
942fbf99d1a7ebc2	environment	
944119ac9c88ea35	terrain	
944638994160502f	environment	
94541bcce163b723	foliage	
945cd2f1a82ed636	environment	
94a8fe8f0dd6de9a	environment	
94b12b1eccc622ee	terrain	
94f748a0045c8433	environment	
94fbb805f378e8db	environment	
951054c16b6a0ca4	environment	
9524b0b7c5f24e6e	environment	
952e5241bcd66275	terrain	
954ac16c80d32afd	environment	
9556ed5d88cd1682	character	
9572e3183b1f61de	environment	
957dc83c5f862de0	environment	
959cf59b6ae8ee21	environment	
95c0680c9e94fe5a	terrain	
95cbcf213522be16	environment	
95d6b0250b6df8f9	other	
95d7a6e1d1ac9d90	environment	
95f77b9c5ccebdeb	foliage	
95fba39ec2eac663	foliage	
961699497d81714a	foliage	
962271aec871024a	environment	
964a6b7f542ec88b	terrain	
967a12baf1629421	environment	
96c8566c1d3012b0	environment	
96ef81dbd48bd1e0	effect	
96f5bfb6b3124cce	ui-text	
97153f9b1c8536af	terrain	
97259fd98affe6d7	environment	
973e3ae5e3ece8b9	terrain	
9757f3721ef1c2fa	environment	
97722e655ecc42cb	ui-text	
978419a010978b7a	effect	
97adfde4ddca7d5c	character	
97afb8b34258b235	character	
97c0d9ee64d354cb	ui-text	
97d655a6c012399e	environment	
97e8441bfa1cf6d1	ui-text	
97f338a58ec06c2f	other	
9806f3dad6252e0c	character	
9834db5162bf0f1b	foliage	
9850a8c44edaa647	foliage	
985a46cce71f02d9	environment	
98991c2bd13cf078	terrain	
98aaf3c63aa17faa	environment	
9923ccfdb5aa3f56	character	
997e3554570cf8d1	terrain	
999ca27036ed2539	character	
99facbe8ae75ea75	environment	
99fd8a50a90fc9e5	environment	
9a480317de061b06	effect	
9a4dc6f2d56948f7	environment	
9a6b263b5f52c29c	character	
9a7bbadddaa49892	effect	
9a8566f054190dec	environment	
9ab2d4b0bd6909c8	environment	
9af9e0cca3e577ca	foliage	
9b1e791dc09b3418	terrain	
9b3aef20bd2cbd71	foliage	
9b936da37deb5b58	terrain	
9b959ed5dd3a2989	terrain	
9b95b911702d6ab2	foliage	
9bb902b29c16e1cc	foliage	
9bbcef18cfa062f2	environment	
9bbdb9da37b4d183	character	
9bc455d66c56e992	character	
9bca8f6dc53e8d25	other	
9bebb46af123642b	effect	
9bfdb8a5be9b5d20	effect	
9c1b1cd90240a2bc	character	
9c271effbef14344	environment	
9c29599aae76cfcf	ui-text	
9c6276a8fb44302a	character	
9c712b590bc4fdb4	environment	
9c7efbbcb179fa0c	environment	
9c87e6dfcf574522	environment	
9c8d5e52eeaff42b	foliage	
9cbe827d91dfcc6b	environment	
9cc4ff1a6ed78915	effect	
9ccc2176280684c2	terrain	
9cd64e3d9a830d92	ui-text	
9cf92d7938e32e1f	character	
9d0e35d105920cf6	ui-text	
9d2aecdcb6a9de01	terrain	
9d2bdcefb9419814	environment	
9d2dc62484e94bf2	terrain	
9d5c4156ded940df	terrain	
9d834d06904dbaa3	character	
9dee1309ee442a4b	character	
9e00a5b47409dcf2	terrain	
9e01e755e112dde1	character	
9e1d3ea38cd71d57	character	
9e7c239f3e7676d1	terrain	
9e9507ff5450e036	other	
9ec37880d9ee4b05	character	
9ec8e27b7b3dfeb1	environment	
9f106319411a96d9	ui-text	
9f3ec2997f6e6455	environment	
9f3ff244ba64df28	environment	
9f7c4202a959940e	environment	
9f8c0778236cc61c	foliage	
9f8c79aa39a6d304	environment	
9f9310dc588a2fc1	environment	
9f96ad14970e8494	foliage	
9fa7266a8b43b723	ui-text	
9fd7f21e71cde8c4	effect	
a0194da7d08ff812	character	
a04a7b84c91977f5	foliage	
a04a8ccee9233969	environment	
a057c418e66f3fbc	environment	
a0627734c2dcf24e	environment	
a077022251388282	ui-text	
a07d934ebf4dcce9	character	
a08a78e9f42752f1	terrain	
a0c018b45e09e262	environment	
a11f298b05f80c4e	foliage	
a1244aa759052d9b	environment	
a1366be46b391a80	terrain	
a149be98e3b66263	effect	
a19ad14fdbfdadb9	character	
a1dd62ec61f68a37	character	
a20a7dd0660ca894	effect	
a234614e7e528ed4	terrain	
a24985289f8a87f5	environment	
a2c60651a4623ba8	ui-text	
a2c8ccbd5b174e84	character	
a2d052a66983c47c	effect	
a367c1aaa0142740	environment	
a37d56752f94c1d6	environment	
a3811a6288d133b5	environment	
a3a255fea43dcd23	terrain	
a3b00f513ac598a5	environment	
a3dcdcc604dd313b	terrain	
a3e11b4c479ed579	ui-text	
a3f6d0eaa9cfb9b8	ui-text	
a408ccea8a277029	character	
a414ad3664a4e95e	environment	
a457af54ea14c8e8	ui-text	
a480d63e4049a4b6	terrain	
a4b6ef2cf4e49d92	foliage	
a4f5a10fa5ee7abd	other	
a51d22a50b9d57ac	terrain	
a51f3371d4df0985	effect	
a577658367852dbb	environment	
a5fe6ebde8c4a8f3	ui-text	
a665d47fb787ca4c	terrain	
a665ef19f9f6d37d	effect	
a69a2cc0295668f6	foliage	
a6a333b627f57160	environment	
a6ac2df2f8d9f26a	environment	
a6ec516e28eafe94	environment	
a6ee7a2d703f4ffb	environment	
a6f09a384a6a3ce3	terrain	
a6f7cefaf1b9a9e4	environment	
a712ff45a6580e47	terrain	
a714bd3f6a8395d2	environment	
a7364fb24b83e78f	ui-text	
a7674a8baf926c8c	character	
a768efee5e49cb24	character	
a7792865ac14cb66	terrain	
a78505646c26eb3a	environment	
a789a8feaa4f9927	terrain	
a7aea039f2f0f532	environment	
a7b3f7623e82f151	environment	
a7b86b161beb9669	foliage	
a7cbd143e8ade321	ui-text	
a7e638574aceea5f	foliage	
a7e7060a3c8f4712	terrain	
a7f95839b07242d7	environment	
a83036c63d0ffc0a	character	
a84277bb6d803020	character	
a88e305e2b91bf1f	character	
a89ec18a09a3ef22	ui-text	
a8a20c950c5852bc	environment	
a8c137b6ea59d61f	character	
a8d3b19fe1c893e2	character	
a8dba7c5b3ee0112	terrain	
a8df99cf7465b77a	terrain	
a8f37ce2822db734	character	
a90cfc67dd97f8c5	effect	
a91cbeda82a51513	character	
a9338f40a8265fc7	ui-text	
a9755291c63c9e08	character	
a987f81c7c6bf0ed	environment	
a9966b9174ee1547	environment	
a996883ba14906ed	effect	
a99a8ec816ce9472	environment	
a9e7d8ff60851ab3	ui-text	
aa0eb0c7ff346fda	environment	
aa18500b678ebd25	character	
aa22193fb3853158	character	
aa441ece4c5d60e8	ui-text	
aa47e277be9c3c39	other	
aa5ada4b57b09f6d	effect	
aa92b4ffcc9e726b	effect	
aaeea8bcf14aab27	character	
aaef53dc6cac9c32	terrain	
aaf63d92af299495	environment	
ab00fe1cc7687bbd	ui-text	
ab04b6d412bf9a0a	effect	
ab26b2a9ad8e41c1	ui-text	
ab4097632e98ec1c	environment	
ab4d482ca76e5d4c	other	
ab4fc308b7ff9998	terrain	
ab687265f70f891a	character	
ab7655bf9fe7a221	terrain	
ab7a409546c11c73	terrain	
ab8b3aed38169a44	environment	
ab953ce15c9b3eb8	ui-text	
ab96c5f8b4aa746f	character	
ac0c460036fecd87	character	
ac2e9931f8c1d9cb	environment	
ac5cfa55b7df3368	ui-text	
ac64eebc8b409ad8	character	
aca428e97bc8fe8b	environment	
acc04de9f123edfc	character	
acce47f4d98ea742	character	
acf90912813d93e7	character	
ad09e9cacc8b05ba	character	
ad40a4f546dfd239	ui-text	
ad94abb510560801	environment	
ada9121a167a623f	environment	
adbe1d474146234c	terrain	
adfdb593d3adfee8	terrain	
ae033fc6d8884a55	foliage	
ae3ae87a1a03ec41	environment	
ae73c4a28e12c252	terrain	
ae9157e647f762e2	environment	
aeb1b691506945d2	terrain	
aec644ae8ac4ffdf	environment	
aed294d06b97dfa3	character	
aede890e7976dd0f	ui-text	
af1235f11550a370	environment	
af2a024022c7c00d	effect	
af3062be3ad75209	terrain	
af611ffdf788a5a5	environment	
af88adb8f106837c	terrain	
af977b034d911117	terrain	
afd3095a533b6ba9	ui-text	
afe18672b414b180	environment	
afe20cab5df56a70	environment	
afe630dc08f4edf3	environment	
affbc52026826e76	environment	
b03116f664b55c11	effect	
b044996919b425f9	ui-text	
b07175d78277d6d8	effect	
b0ab65491459f64f	environment	
b0d760475cf9cc91	environment	
b0f05b6459baf3ed	environment	
b0f101582282b0a3	environment	
b12fea6e0845fa68	environment	
b14ffc12db925f41	environment	
b153c7e3d442cbf2	character	
b16afd5647ac6306	effect	
b17520a0fb803df7	terrain	
b17762f4cbdcc815	environment	
b178cb519b29037a	environment	
b1b8874259ddb5bd	effect	
b1d5e08c2c8e98fb	environment	
b1d6f2bb710b1b19	other	
b1daf2e15a807247	terrain	
b1f5588ebabeb555	other	
b1fd60ea81b1c96d	terrain	
b2365f4479222c3e	other	
b2a3b171b18dee52	ui-text	
b2ae32d93d0a15e6	character	
b2e851d13db41898	character	
b30149ee84d667e1	ui-text	
b306d9987490ea7f	character	
b31f61a784c546d8	environment	
b33b63fc93d88965	character	
b340ead527286fd4	foliage	
b35c48ea71bcbb14	effect	
b3a0638691ad5044	terrain	
b3a0e8600ec494d2	ui-text	
b3b5b12903e7e823	terrain	
b3c9dfc10951bac2	terrain	
b3d92d9f015c72ff	foliage	
b3e6c1e1c5d10bdd	environment	
b402ac39e03763a3	character	
b423041aaa87beb6	character	
b4245c2d586f1d76	character	
b447ca43bc4287a3	environment	
b46ba5afcaf52d8c	character	
b481c5dc733807c8	effect	
b4b8cad7271d5647	foliage	
b4c06d8539d8bb27	character	
b4dc80f95dfe41ef	character	
b4e08e75901d1360	effect	
b4e297b904619340	effect	
b4fa24fba0118ace	effect	
b4fe206d6a9a3d37	environment	
b4ff69a8c743e043	character	
b50eeb89a6554200	character	
b55a2124bba108b9	environment	
b56317115c48d02e	effect	
b56460b68341f990	ui-text	
b5737352929404a4	character	
b573d7a0b0477136	character	
b5ccef894dd2ddb0	ui-text	
b5dd15f9d9ef03c6	effect	
b5df982b158afb63	ui-text	
b5e44527ab1cfb92	character	
b5fc182b4af00e94	environment	
b60a7b94c8c4349f	foliage	
b61d44094f35eb68	terrain	
b62ec6d7efa1ecc8	terrain	
b65ab5643b468863	environment	
b664696358e964e5	foliage	
b6734af8d9f70a05	character	
b6847be78e98d300	terrain	
b6babe821ee47882	environment	
b6e6a3cca27f6da9	character	
b6ea9d4981cb1173	environment	
b6feb1530b88bb8d	environment	
b7049785efd2aa98	ui-text	
b71e2a2645c55aaa	terrain	
b722bb5b63716f2e	effect	
b737cf8172caa6e0	character	
b759a40abeaaae3f	foliage	
b7826ad86bcca5ca	environment	
b7833ef2175e1669	character	
b7879ed7f9265745	ui-text	
b7a3aaa2b6d3590b	terrain	
b7c05b536f44fa15	environment	
b7ccadbd64a749d1	terrain	
b7fcecfc5e11af2f	character	
b86089776a26d4b8	environment	
b8855f258a4550a5	terrain	
b88efaf8a00d5698	character	
b89450c14a203536	foliage	
b8a77c38465ac5c2	effect	
b8a81c9ca70b766d	environment	
b8c49a8e0fde307d	foliage	
b8c5a5a765fb253c	character	
b8ceeaf01ea14168	character	
b8fc634441d550b5	foliage	
b913c6a7cdadab02	environment	
b91d31baf67ce652	effect	
b95ade7a206d4644	effect	
b95ae05f7fdd735c	foliage	
b9639561a7f255f2	effect	
b993469f60f18756	terrain	
b9cfa71613e06d9e	character	
b9d12e382421edd7	effect	
ba0230d0db8251a7	character	
ba173056434f3d9a	ui-text	
ba1d19e864f273e0	foliage	
ba3123b574341d0d	environment	
ba3e2c9dc2ec9cab	effect	
ba60885649f4a50c	character	
ba7ac262fac6a804	terrain	
bab07a8b85e068a2	effect	
babb75453afae1cd	foliage	
bacea8178633fbfd	ui-text	
baf31df700c34286	ui-text	
bb058956d22d5273	terrain	
bb59268849e12d04	environment	
bb64df99e5ba2800	character	
bb650708d9ad0841	environment	
bb6c08118652d89c	character	
bb8d54b7fa8c1087	character	
bb928d085c426b55	terrain	
bbc0483c2f85e2b1	character	
bbca72d215cccc98	environment	
bbcfce1e19b7b202	character	
bbd4f8a5855c051a	environment	
bbeadf7c59f00605	foliage	
bc1f148558e88c0b	effect	
bcb1f057107f1e31	terrain	
bccd56e008fc1042	character	
bce576115b554e93	other	
bcf7347c82db97dd	character	
bd045b2fbba6af10	environment	
bd3ca5e735855fd2	character	
bde415841291c573	terrain	
be0179d8cc495591	environment	
be0419402a67829a	character	
be08a3a8d479ae4a	environment	
be1f982d2b985984	terrain	
be782302a1027df1	environment	
be7bbc15f8b2101e	environment	
beabc3e70edeb3b4	character	
beb2e4ead51e1e9f	ui-text	
bf15e6c2b23ed364	environment	
bf1a13baf1a4876e	terrain	
bf31cf2711ad3c98	effect	
bf55d070a850be2d	terrain	
bf66aae189524275	foliage	
bf88d1ba90934936	character	
bf95dab2c2fb3b38	ui-text	
bfd75499533b7c52	environment	
bfe242a24aa17068	character	
c03ecc2ac6bf154b	environment	
c04d714bb0b5c1f7	character	
c06c627036dbd6c8	character	
c07366b33beac17e	environment	
c09cde14f091ac06	character	
c0b98ef910d75370	ui-text	
c0c55ab43a97528d	character	
c1471f8dcd5ecfa3	character	
c147f3797ab8515c	environment	
c14b86f6766c5093	environment	
c150ce85500b576b	character	
c1588b74640e2df5	character	
c15e17203d20c352	terrain	
c17e1bc98fd816d0	environment	
c183595e8268acc5	terrain	
c1b7c59d09b7850c	environment	
c1c671b251f3e13a	character	
c1e4ba2925ed3aa4	character	
c1fe09ad460ce829	environment	
c25a3d72da8de294	environment	
c29912d77849c50f	environment	
c2b182a537a09234	foliage	
c2d3192c9e4f3139	environment	
c2e030c56ce3c0ee	ui-text	
c3329907c1571d35	character	
c37e3b38a877b850	terrain	
c3a105941fb0ee1f	terrain	
c3b7d350b27b1063	character	
c42c5393b9c08fba	character	
c445c90e66b3d403	ui-text	
c44ba68a45e503fc	environment	
c475d52efa75576b	terrain	
c4f471a52b225247	character	
c5029b6b3076c8f7	effect	
c5217aac4864fef4	terrain	
c52792a49d0ab5d0	environment	
c53ad0710ed1efd3	terrain	
c54146a502734063	environment	
c5715f83495d229d	environment	
c5781893b369df41	character	
c5c7e6b121895b2a	terrain	
c5cda6390a27e5b1	effect	
c5e5f068a467ad4e	character	
c5f02395c3c5dcba	terrain	
c5f11d9205f31cb8	terrain	
c612a20900ff3921	terrain	
c61ee72c1e480223	effect	
c634f44a9100d333	terrain	
c6687c8ce1eaa265	terrain	
c70ff598f083d214	foliage	
c73408a51cc1041f	terrain	
c74b89b19d6f29cd	environment	
c7514f83c607eee1	character	
c75d4b6622b421ab	foliage	
c776b0f8d1e1d737	ui-text	
c77d3e20e1a3187c	effect	
c77deb9c136b0df8	character	
c7aaaa2cca643b13	other	
c7ab7815ae6b18da	ui-text	
c7cc1b3f7c7e04c8	character	
c7e27af18cdc0aec	environment	
c80f7b95548942d1	effect	
c8125dd0bab541ce	environment	
c8217b13116f5e40	environment	
c82990e8c7e238fb	character	
c82f980d87109c50	character	
c85e634e84ddede2	character	
c8710cc2196323ea	ui-text	
c87d58ec88992a4a	terrain	
c8a77b25b621fe93	ui-text	
c8b8a299bf01b839	character	
c8c739581e59634a	character	
c8d8586cf44d2db0	terrain	
c8f4f69c9ca1a06e	environment	
c90160e9c71055ff	terrain	
c93bde92f11256fc	environment	
c95741fa09e9571a	foliage	
c95b35947d4bbf9c	effect	
c96da2e368e42bc4	environment	
c97c2dc648fc9570	effect	
c97c3f9fe203df63	ui-text	
c9a92f1054e191c6	terrain	
c9bb387cb93f8846	other	
c9f65c673ecdbb22	effect	
ca213e4e1289405d	other	
ca74a415789fa4d3	foliage	
ca85aa22ad5a3f67	character	
ca9fb04130385780	environment	
cab3feb8d94b0288	foliage	
caf4d9facc0a2de0	character	
cb2212465881a1a6	environment	
cb2fd3d7e6e9fd50	environment	
cb33274a8e769166	environment	
cb3afd7164d68df6	environment	
cb58082b8f54a511	effect	
cb60dabd1f18af88	environment	
cb9a854f19d30ac4	terrain	
cba29497c3d671ae	character	
cc00dec00e351d17	terrain	
cc036b9b6650922d	ui-text	
cc05bd05380662a5	character	
cc22f0e62ae9cc7f	ui-text	
cc468dcbe239cb77	environment	
cc6669ae1de74eca	ui-text	
cc8779f04989f43e	terrain	
ccbb4d21419c41bb	ui-text	
ccc6bd866da891a6	environment	
ccd52df93d714d5c	character	
ccf1c7c4c7d3e14a	terrain	
cd17620dd8fd11ad	terrain	
cd21aee14f22c898	effect	
cd64cd5f7f8ef493	environment	
cd6b286ea7956663	environment	
cd6b76f7e0433e13	terrain	
cd7871f8d072a677	terrain	
cd911a08a9bca459	environment	
cda2f17a145f3c44	environment	
cdb13b832e1aa425	environment	
cdbbc66bd5ce10de	terrain	
cdf2675af642d69e	environment	
ce047ee008d21b8c	environment	
ce29c6c15876c68a	environment	
ce332d1780ef2572	environment	
ce59fb87419e5f64	ui-text	
ce7bea554781cc26	environment	
cf07a6952169ad39	character	
cf54921b3ccd8e69	terrain	
cf54f95d04cc87e5	environment	
cf622f5b488ca2a5	environment	
cf6b9fdb98dc60fb	environment	
cf948ff849ae4e49	ui-text	
cf9adb85c1df24c4	environment	
cfb247e86b241ede	environment	
cfcfe3693d698514	environment	
cfe1219c9f287724	character	
cfe2762d083c49a3	terrain	
cfea9c5bb1829a7a	environment	
d00754ddef68a228	environment	
d03814ee9082af1d	other	
d04d0d7aa722f120	environment	
d085e0636dce1f47	environment	
d0bcfcf2a0c94232	terrain	
d0c31061729d8797	environment	
d0c6dc793300e2bd	character	
d125f575c552af53	effect	
d12cdfcfb78dfd4b	environment	
d147eec749d7979a	terrain	
d15a2e3e3c37751c	terrain	
d17e212adefd1f04	environment	
d17f36d52ea3b55c	environment	
d18ffe7a46da2f11	environment	
d19ecff85fe5770e	other	
d1a28d4ee426e179	character	
d1ca566b9c9fcd14	environment	
d1cd45663497a72d	terrain	
d202ff899080584a	terrain	
d2084696e05d7cab	effect	
d26ade1cbfd5ac53	environment	
d28a1d8c1f72cbc3	environment	
d28fbed33dbbe476	environment	
d2a5a5affcb3e3f1	terrain	
d2b6e09e9e16246d	foliage	
d2e14f8d20b2f0f4	terrain	
d2e5dd8bff07a098	terrain	
d2ec887a0596317f	foliage	
d2f56f415347e21b	terrain	
d2ff5562866360fe	environment	
d33b94247f5f193c	ui-text	
d3819ca964274c6b	terrain	
d39c4f8f6678b84b	terrain	
d3a740b836acb7f9	foliage	
d3b11b52323bf315	terrain	
d3c1f7894912c298	environment	
d45dea59cd1e80b0	environment	
d4617af1ef4b1dbc	environment	
d49f688a31f438fd	foliage	
d4a4ac152bdef90c	terrain	
d4bc14bbe097ae90	environment	
d4cafa66300083f4	terrain	
d4fad9b1decbd644	foliage	
d4ff4047d56c3043	environment	
d505514efbe37c9b	environment	
d51c693f1279113e	character	
d5371abf378eead9	terrain	
d541304549682e49	effect	
d544f1a46d3b2c2c	environment	
d545585952b376c2	terrain	
d560bcf2b6bb1866	environment	
d58291c238a7218e	terrain	
d59f3fbe07d00e53	foliage	
d5a0acb297e2a2fd	foliage	
d5f114b3c0ac8fcb	terrain	
d6087ded7e88e1e2	environment	
d67463e5fa0392d4	environment	
d67d6322315d4f17	terrain	
d67e5f9c7ca62650	environment	
d6a29aba4100d0db	environment	
d6b53b0485397b36	environment	
d7431e919c5e0b96	environment	
d7475be4c49cf3f9	terrain	
d7583b278e626253	environment	
d75ba60c47b95ab7	environment	
d76c94ba629a42cd	character	
d77df026c0e374ab	terrain	
d7839f1959c24738	terrain	
d799eb492bacaf50	foliage	
d7ab5ae159f986b5	environment	
d7b0871366dba96a	environment	
d7d52319328f7b53	terrain	
d7eeb136317cd79a	ui-text	
d7f1713730fde4fd	terrain	
d804018c1f6aa08f	terrain	
d80b741453b4e5a9	terrain	
d80cb34fdb39df5b	environment	
d83805ecfe7fd07a	terrain	
d84957cb1457888a	ui-text	
d84e649a74676a2b	environment	
d85ba1a551248b4d	environment	
d87ab974f98eb1b1	environment	
d8acce9e17a34ee1	terrain	
d8ad4c055e4f85da	foliage	
d8b4f1cb9f234698	terrain	
d8bb1c8284e99bf8	environment	
d8e61f4c3ab0eb11	environment	
d8e62ecc125379c7	foliage	
d8e6efb16ddb5524	terrain	
d8fde16543ad803d	environment	
d908b7ae0ed56c95	ui-text	
d911f327f08db5fb	environment	
d93ecaee9818738d	foliage	
d9639b71b1641433	foliage	
d96f88acb66472fd	environment	
d975eff4c5239084	environment	
d98c7d392754cd46	terrain	
d990c3a77211ff3d	character	
d99272fe0a47699a	terrain	
d99d60555cbe0029	terrain	
d9a0b562619a3866	terrain	
d9a440fec4d5bd43	foliage	
d9dd1f2af37ef230	environment	
da3c52275801711e	environment	
da41e1cc4d691c99	foliage	
da46ce413b514bfe	terrain	
da611d6942e16cb0	environment	
da82a94874a263a6	environment	
da88d7f11c163e63	foliage	
daa9e5b9c591cf0c	terrain	
dab9474f39a61a2d	environment	
dae67118fdda56eb	terrain	
db004abfecea35b9	terrain	
db100dcce1636dbe	environment	
db1220b3f6b09051	environment	
db1fb96609f903cb	environment	
db946fad4581ca3b	terrain	
dbb95f27d058d77f	environment	
dbcd4bcb44ed4e05	environment	
dbcf4f10f4c925c3	terrain	
dbdfcd174aae12ad	environment	
dc16013a80359eeb	terrain	
dc4c7342e4daebcd	character	
dc7b641bfaa95d63	environment	
dc81d60ecec41ca3	environment	
dcb03a8079037be8	environment	
dcb427d6c2de81c2	foliage	
dcb42a87dfbfcc9f	foliage	
dcdcd67fe4f976ad	effect	
dce76cb5fc579953	environment	
dcef4ffc44a47552	environment	
dcfe6dc84b32658c	ui-text	
dd03264e576b91e2	terrain	
dd119446b8896662	ui-text	
dd5de8f4610600b6	environment	
dd69ed757bba17df	environment	
dd9096b24c9ed897	effect	
ddc01d358710e3b7	environment	
ddd5feab74f06b4a	terrain	
de0f3bac26da51f7	foliage	
de4079463a7609a0	environment	
de6a5ef86b34ae9b	terrain	
de9e94257b53f2b5	environment	
deb836617f16dacf	effect	
ded84f75bfcf424b	environment	
def4b1432b0d6190	ui-text	
dfb1cad09a357aea	effect	
dfb236086cab179a	environment	
dfbe19393a5b6508	terrain	
dfcda6237becf18b	environment	
dfe9e88cfb9f0f6c	environment	
dff6ad85e807259a	foliage	
dff905392742d900	terrain	
e016bb491035b39f	environment	
e0497b68955ec2f3	foliage	
e08cec8f26773107	environment	
e09c2ac603de2f00	environment	
e0f4f1ac56907770	environment	
e0fdeab47eb47db6	terrain	
e108af43e2b2ad69	foliage	
e119dffeee177420	foliage	
e14db6efefce6356	environment	
e18c405382b3ec59	environment	
e1b9d78d199c358a	environment	
e1d1be42f5738118	terrain	
e1e6f9d996f46823	foliage	
e1f46a3a9894c203	terrain	
e205be409ecb4d43	environment	
e233f29bfe28447f	environment	
e24cf6677c5d2237	environment	
e284e6ac381ce1fa	environment	
e287e7f68e772bee	ui-text	
e2b79fd6a27c5c0d	environment	
e2b8d851ebcea811	environment	
e30c3f1952d3f90b	environment	
e311330b5a7bdd71	environment	
e33c063fa6d6ca7d	effect	
e33e6e86ca1d4816	environment	
e345d3489a351c02	environment	
e36effa6ea8ad5aa	environment	
e38503f2f171e186	environment	
e389614473b94ef2	terrain	
e3b216b167e897a9	environment	
e3d405e6699fb01b	environment	
e3d7207c153076f1	character	
e3f0f29b51879a5c	environment	
e40500f1210137d4	environment	
e468a6f58c5bf4db	effect	
e47ad2b2ce904524	environment	
e495728fe8aecbfd	environment	
e50ba4569ecf6ad4	environment	
e518f5e0de1156d7	environment	
e52312dc070480e9	ui-text	
e523374f895ce0d2	environment	
e5283dc8a41fd8cd	environment	
e535a0c3c82c76dc	terrain	
e54ec422b2d85bf9	environment	
e57842a060d1bfbc	environment	
e587c74748057b41	effect	
e592f9e22ebfeb7f	environment	
e59529291dab9b6c	environment	
e59fd24e95414ea3	environment	
e5bb20b0e3bb150d	environment	
e602652d6ac9c2d7	terrain	
e6118937c9c219f8	environment	
e616512ed7d22bf6	environment	
e6271fd1764111d6	other	
e6569a25b942c43e	environment	
e6a52fc09e7a6788	environment	
e6a6cc6427e3c575	environment	
e6cebe18c7fe5da4	environment	
e6da5dfd4970a830	effect	
e6eead232acd3224	environment	
e6f670a223c5f7f8	environment	
e6fb9b4a2de7f2d3	environment	
e7472fe31dcb97f6	environment	
e785f2c210efa684	terrain	
e79a76e3e9f02e43	environment	
e7a08bbf6910b4c1	environment	
e7ad26062dbe34b4	terrain	
e7b41fbd523b8017	environment	
e7d301ab89cd20c7	character	
e7d64288c1ee7f52	terrain	
e7d8d39570e394fc	ui-text	
e7e1f3335163d1bc	effect	
e824e72ceb2a77d8	terrain	
e82fa5417b5c5aaa	terrain	
e832a0d749a91505	character	
e84717aa9f603c40	effect	
e850b5e20a30ba3a	environment	
e858924228016658	environment	
e893570745d3aabe	ui-text	
e89a1f0a212f3f0c	character	
e8fd81cd04d419d7	effect	
e9142d50ee026e08	ui-text	
e97ce3887e49b173	effect	
e998b7c657dd46ba	ui-text	
e9b1c5a6ea04389c	effect	
ea2e743477c5019e	environment	
ea4d3af6c6f6caf0	environment	
ea54a9e330d11d9e	effect	
ea54b68d9ec61e4c	other	
ea8589cb52bb144d	environment	
ea8ab516f4ba56d5	character	
eac4fac9aff0cfc0	terrain	
eaed96914ab0ac78	effect	
eaf0442b535d2169	environment	
eaf5d02d597aa675	character	
eb0d93a3e095881e	environment	
eb359f55e3c011e2	terrain	
eb6894141e97aab9	foliage	
ebc62e46aca2f8aa	terrain	
ebd947bfa7ff930b	environment	
ebeaddfe31c08563	character	
ebfc67a40b507d12	environment	
ec095d5788b30739	environment	
ec4ff357099c933b	environment	
ec8de3dd0aca22d1	ui-text	
ecaaebf46e9b717d	environment	
ecc17458c60eb043	environment	
ecc18b45795d9b55	foliage	
eccfaf600ded72de	foliage	
ecd3d415ebd0795f	environment	
ecf15ef8bc2562c3	other	
ecf734b03d1e8109	character	
ecf79f7fa9305cb4	ui-text	
ed0c6076a05c4518	environment	
ed339c8fd26cc4fa	environment	
ed3a039868e72619	foliage	
ed3d38cbae6dce50	environment	
ed69a5b8ec823b48	terrain	
edad1dd4875e453f	terrain	
edae2cf06b84081c	environment	
edb1e95f07e9f38b	effect	
edc228ed0dda5b97	environment	
edc3450eb9f8ea87	environment	
edc70e4f9448b359	foliage	
edd2bc05ae91e687	terrain	
ee2a79f69aebaf55	terrain	
ee2b28343612dce1	environment	
ee49ce1d6f0441c9	character	
ee6dd1628d976965	foliage	
ee7d0133b4a36567	effect	
eea6f2605272bbd2	environment	
eec426addbe40da8	environment	
eec7599dbdb2f9c2	foliage	
eeee67206b1bebaa	environment	
ef17a5d0f094f384	character	
ef3a40074cbbb4df	terrain	
ef4758f511c668ab	character	
ef737acd505ccd4e	effect	
ef92d1f4c72001fd	foliage	
efe6ede435addcca	character	
efeb0586254b5832	effect	
f0088c8f809b6aa4	character	
f00b5003e98fa753	environment	
f00efffee083fa4e	environment	
f032e86b39db4340	environment	
f0442a1a781b4e80	ui-text	
f071bebdda457fce	character	
f077b16e8b9a1779	terrain	
f08180dc011a95e8	character	
f089d5c7fe688762	effect	
f0ac3603f840a5e5	terrain	
f0b6a5d85f0009ed	environment	
f0b6fde753e45fb8	ui-text	
f0c72c7fa57fbdf7	ui-text	
f0c951478552736b	effect	
f0d16ed4af83ab62	environment	
f0ec80cbdf3e0d50	environment	
f0f5e23f6c64f333	terrain	
f12f4d8e7d426f7a	ui-text	
f15dad9ba2532d21	character	
f164d0751d048063	terrain	
f17999a119d0a890	character	
f191d30f251776f8	environment	
f1d30e4cc5e5c1b0	environment	
f1d5eddcdccf58c9	environment	
f1e6c78582331905	environment	
f20acfc0242c9263	character	
f217539ff96146b1	environment	
f25a3d9b50bd419b	environment	
f2646071259be72c	terrain	
f2700f04f5a73019	environment	
f27c70465820fefc	environment	
f2bae18944a6bd6b	foliage	
f2f2eadbc93b94d3	environment	
f2f8c63fa689e4b4	other	
f3098ba404228019	environment	
f30abf9e47f47c8f	environment	
f31e66b0999a6a23	terrain	
f33415f5fa404566	foliage	
f3d63398f13c2be9	ui-text	
f3de77f5130316ae	terrain	
f439e0eeebebd8a5	effect	
f443aab1190457f4	foliage	
f44b3032bf504716	character	
f45193716bccc2c9	character	
f454bb39a4e0379a	terrain	
f498da070b9f7d5a	character	
f4c602061eeb5907	terrain	
f4cd4e270d332354	environment	
f4e29770956dad0e	environment	
f50b18533c5fdf7b	environment	
f51d4748ae5a9913	environment	
f530bba891405c9c	effect	
f53eb49042ea6c6b	ui-text	
f58f632f3fbbbbd7	character	
f5be2bdef9e5e9ee	other	
f5debe7f2b22bef6	character	
f6278794135a28a4	terrain	
f644f315389ff284	ui-text	
f69b52506fa00dee	foliage	
f6b21dcf15bf5415	environment	
f6c2694760fde386	foliage	
f6c9093d9cb82bdc	effect	
f6d62a221b32419b	effect	
f708f160905ba84f	environment	
f7410ecc07e80725	terrain	
f7720a15a724ff40	environment	
f79b194af08eef6a	character	
f7a28590569be252	environment	
f7c3e024d8c58fae	environment	
f7d7fd3f4be66d83	terrain	
f7dd5ccc6aa47bee	effect	
f859ea4f230891cb	character	
f86e51807b9b6629	effect	
f8727e83a4e63bc4	character	
f878fd12bc1702d2	character	
f87c570f80b7b6f4	effect	
f8be35930d57d060	environment	
f8e3d817942c72ec	character	
f8f2d5555623f094	environment	
f8f98ecf66c63f35	other	
f91322c2bcb38c7c	character	
f9183f3a82e1aade	environment	
f91d1355fc784b2f	environment	
f92f1464542024ad	environment	
f9645047b1d832da	character	
f96b994fb55f0846	ui-text	
f975100827f015fb	terrain	
f983d85aa2ea5393	environment	
f9d6971b555a92fa	terrain	
f9eb3bb430805b1b	terrain	
f9f83927ee2b10e9	foliage	
fa0bdf67267ee0b1	terrain	
fa3b672f31d8623e	environment	
fa3edc1a383c38bb	character	
fa68880909a96217	character	
fa6ff6c6192853c6	environment	
fa73d23173f2ef61	character	
fa7b441e1fb8b6cd	foliage	
fa972f967d1064f8	foliage	
fa9f027ad6cccea7	effect	
fab0e3478f9ecb9a	effect	
faf9d54e810a3a5c	character	
fb23468b73479592	foliage	
fb23717ddf036e54	character	
fb3d5f6b23fa4bf4	ui-text	
fb62a01ab9ec3425	terrain	
fb6c6043021082a7	effect	
fb970dab57c1c602	character	
fbaa967fd2685815	effect	
fbc0731f94ba7645	environment	
fbeacc9b6cae75e1	character	
fc119cdd0f842ed0	effect	
fc330f60d1574d33	terrain	
fc38c3f1cc9c6462	character	
fc3be32d46e25636	effect	
fc54cda395296cd5	character	
fc6603011ffc3185	environment	
fc867fd133e45808	environment	
fccfcf9cf898b275	ui-text	
fce0e8a6b7914fb8	character	
fced0b0e1af69ab5	effect	
fd16fb7ddaf8c078	environment	
fd1f95d27ea74bf0	terrain	
fd33ed8ad991a400	effect	
fd42b7b4d11b031b	character	
fd7a85ac229823ac	effect	
fd8fc2ecce911520	effect	
fd9161029e31156d	terrain	
fd950048cb87dfe8	environment	
fd9c2379ab8ebbfa	foliage	
fdebcec7364155a4	terrain	
fe1aab0916a4d7dc	foliage	
fe2992a05a2c95f9	environment	
fe3b8de69e8acbfc	character	
feb24d2f8548c20f	terrain	
feb429675ccfad59	environment	
febe5133d7f1d564	effect	
fecc4f434bf29cce	environment	
fee3ac407d518f29	effect	
ff18b88b5b98e0a1	effect	
ff294d83ef9c93e5	terrain	
ff5eca0cc0ef0d75	character	
ff787d9bef1a462f	foliage	
ff7c5fbecffdbd62	character	
ff9a113cdf27d31a	terrain	
ffbbe7c38a3be031	character	
fffa9f122e22a06e	terrain	
